{
    "status_code": 0,
    "data": {
        "info": [
            {
                "first_limit_up_time": null,
                "code": "600246",
                "order_volume": 0.0,
                "limit_up_suc_rate": 0.6551724137931034,
                "sum_market_value": 27376694000.0,
                "461252": null,
                "last_limit_down_time": "1784776697",
                "order_amount": 0.0,
                "first_limit_down_time": "1784775992",
                "high_days_value": null,
                "rise_rate": 0.0,
                "turnover": 2189940100.0,
                "market_type": "HS",
                "latest": 14.09,
                "open_num": null,
                "last_limit_up_time": null,
                "limit_up_type": null,
                "is_new": 0,
                "currency_value": 26635912000.0,
                "market_id": 17,
                "is_again_limit": 0,
                "change_rate": -10.0255,
                "turnover_rate": 7.98,
                "reason_type": null,
                "high_days": null,
                "name": "万通发展",
                "change_tag": "LIMIT_DOWN",
                "time_preview": [
                    -2.6181,
                    -1.2771,
                    -3.2567,
                    -4.2784,
                    -5.6833,
                    -6.4496,
                    -7.7905,
                    -7.5351,
                    -6.3218,
                    -5.811,
                    -6.0664,
                    -6.6411,
                    -8.4291,
                    -8.6845,
                    -8.1737,
                    -8.1098,
                    -8.5568,
                    -9.3231,
                    -8.8123,
                    -9.6424,
                    -9.387,
                    -9.6424,
                    -9.1315,
                    -8.3653,
                    -8.2375,
                    -8.8123,
                    -8.8761,
                    -9.2593,
                    -9.0038,
                    -9.6424,
                    -9.7063,
                    -9.8978,
                    -9.7701,
                    -10.0255,
                    -10.0255,
                    -10.0255
                ]
            },
            {
                "first_limit_up_time": null,
                "code": "002432",
                "order_volume": 0.0,
                "limit_up_suc_rate": 0.7619047619047619,
                "sum_market_value": 34233882000.0,
                "461252": null,
                "last_limit_down_time": "1784774688",
                "order_amount": 0.0,
                "first_limit_down_time": "1784771976",
                "high_days_value": null,
                "rise_rate": 0.0,
                "turnover": 3718158700.0,
                "market_type": "HS",
                "latest": 73.48,
                "open_num": null,
                "last_limit_up_time": null,
                "limit_up_type": null,
                "is_new": 0,
                "currency_value": 34188210000.0,
                "market_id": 33,
                "is_again_limit": 0,
                "change_rate": -9.9951,
                "turnover_rate": 10.6673,
                "reason_type": null,
                "high_days": null,
                "name": "九安医疗",
                "change_tag": "LIMIT_DOWN",
                "time_preview": [
                    -2.9765,
                    -4.2504,
                    -8.9907,
                    -8.6722,
                    -8.3048,
                    -7.6923,
                    -9.1132,
                    -8.7212,
                    -8.5375,
                    -9.7011,
                    -9.6521,
                    -9.9951,
                    -9.2479,
                    -9.9951,
                    -9.6154,
                    -9.1622,
                    -8.6477,
                    -9.3827,
                    -9.5909,
                    -9.8114,
                    -9.7256,
                    -9.9216,
                    -9.9951,
                    -9.9951,
                    -9.9951,
                    -9.9951,
                    -9.9951,
                    -9.9951,
                    -9.9951,
                    -9.9951,
                    -9.9951,
                    -9.9951,
                    -9.9951,
                    -9.9951,
                    -9.9951,
                    -9.9951
                ]
            }
        ],
        "business_date": "20260723"
    }
}